"Status","Start Time","Stop Time","Duration in ms","Parent Suite","Suite","Sub Suite","Test Class","Test Method","Name","Description"
"passed","Tue Aug 27 17:52:11 UTC 2024","Tue Aug 27 17:52:11 UTC 2024","180","tests","test_meme_api","TestMemeAPI","","","test_nonexistent_meme",""
"passed","Tue Aug 27 17:52:11 UTC 2024","Tue Aug 27 17:52:11 UTC 2024","174","tests","test_meme_api","TestMemeAPI","","","test_invalid_token",""
"passed","Tue Aug 27 17:52:12 UTC 2024","Tue Aug 27 17:52:13 UTC 2024","176","tests","test_meme_api","TestMemeAPI","","","test_delete_meme_created_by_other_user",""
"passed","Tue Aug 27 17:52:11 UTC 2024","Tue Aug 27 17:52:12 UTC 2024","175","tests","test_meme_api","TestMemeAPI","","","test_update_meme_with_nonexistent_id",""
"passed","Tue Aug 27 17:52:13 UTC 2024","Tue Aug 27 17:52:13 UTC 2024","179","tests","test_meme_api","TestMemeAPI","","","test_unauthorized_access_get",""
"passed","Tue Aug 27 17:52:13 UTC 2024","Tue Aug 27 17:52:13 UTC 2024","175","tests","test_meme_api","TestMemeAPI","","","test_add_meme_with_int_in_text",""
"passed","Tue Aug 27 17:52:13 UTC 2024","Tue Aug 27 17:52:13 UTC 2024","174","tests","test_meme_api","TestMemeAPI","","","test_unauthorized_access_post",""
"passed","Tue Aug 27 17:52:13 UTC 2024","Tue Aug 27 17:52:13 UTC 2024","174","tests","test_meme_api","TestMemeAPI","","","test_add_meme_with_int_in_url",""
"passed","Tue Aug 27 17:52:14 UTC 2024","Tue Aug 27 17:52:14 UTC 2024","179","tests","test_meme_api","TestMemeAPI","","","test_unauthorized_access_put",""
"passed","Tue Aug 27 17:52:10 UTC 2024","Tue Aug 27 17:52:11 UTC 2024","354","tests","test_meme_api","TestMemeAPI","","","test_update_meme",""
"passed","Tue Aug 27 17:52:11 UTC 2024","Tue Aug 27 17:52:11 UTC 2024","175","tests","test_meme_api","TestMemeAPI","","","test_add_meme_without_url",""
"passed","Tue Aug 27 17:52:15 UTC 2024","Tue Aug 27 17:52:16 UTC 2024","178","tests","test_meme_api","TestMemeAPI","","","test_unauthorized_access_delete",""
